How the rich get richer – money in the world economy | DW Documentary,"5,750,958 views","financial system, financial crisis, money, European Central Bank, zero interest, DW, documentary, Deutsche Welle",https://i.ytimg.com/vi/t6m49vNjEGs/maxresdefault.jpg,https://www.youtube.com/watch?v=t6m49vNjEGs
Better brain health | DW Documentary,"5,909,335 views","Documentary, Documentaries, documentaries, DW documentary, full documentary, DW, documentary 2020, documentary, nutrition, neuro-nutrition, brain food, brain...",https://i.ytimg.com/vi/TLpbfOJ4bJU/maxresdefault.jpg,https://www.youtube.com/watch?v=TLpbfOJ4bJU
Longevity & Why I now eat One Meal a Day,"13,601,219 views","Ketosis, Ketone Bodies, Paleo Diet, Why we eat 3 meals a day, glucose metabolism, Metabolic Syndrome, cure for diabetes, How to lose weight, food pyramid, Pe...",https://i.ytimg.com/vi/PKfR6bAXr-c/maxresdefault.jpg,https://www.youtube.com/watch?v=PKfR6bAXr-c
Fasting vs. Eating Less: What's the Difference? (Science of Fasting),"10,110,530 views","fasting, intermittent fasting, benefits of fasting, ketosis, ghrelin, hunger, lose weight, lose body fat, hormones, ketogenic diet, keto, insulin, keto diet,...",https://i.ytimg.com/vi/APZCfmgzoS0/maxresdefault.jpg,https://www.youtube.com/watch?v=APZCfmgzoS0
Dr. Jason Fung: Fasting as a Therapeutic Option for Weight Loss,"1,860,355 views","crossfit, nutrition, home, at home, movement, functional, exercise, scale, modify, constantly, varied, fasting, food, diet, lifestyle, dr jason fung",https://i.ytimg.com/vi/7nJgHBbEgsE/maxresdefault.jpg,https://www.youtube.com/watch?v=7nJgHBbEgsE
Intermittent Fasting with Jason Fung | truLOCAL TV,"155,516 views","truLOCAL, truLOCAL TV, truLOCAL meat, true local, true local meats, intermittent fasting, Dr. Jason Fung, diet, diet and nutrition, local meat",https://i.ytimg.com/vi/RmYFq_TOcl4/maxresdefault.jpg,https://www.youtube.com/watch?v=RmYFq_TOcl4
"Leptin & Insulin Resistance Balancing Tips w/ Jason Fung, MD","3,334,777 views","Jason Fung, Keto, keto diet, ketogenic, Intermittant Fasting, Insulin Resistance, Mike Mutzel",https://i.ytimg.com/vi/jXXGxoNFag4/maxresdefault.jpg,https://www.youtube.com/watch?v=jXXGxoNFag4
"Dr. Jason Fung: To Lose Weight, You MUST control Insulin","998,622 views","Jason Fung, fasting, weight loss, how to lose weight, insulin, carbohydrates, fat, keto, ketogenic, diet, insulin resistance, glycogen, intermittent fasting,...",https://i.ytimg.com/vi/3d7KkyXnyB4/maxresdefault.jpg,https://www.youtube.com/watch?v=3d7KkyXnyB4
Insulin and Weight loss ➠ How to Control & Lower Insulin Resistance Levels Fat Loss Diabetes Leptin,"377,249 views","insulin and weight loss, insulin and glucagon, insulin and glucose, insulin and fat loss, insulin and weight gain, insulin resistance, insulin resitance diet...",https://i.ytimg.com/vi/e-VwHe7L5fE/maxresdefault.jpg,https://www.youtube.com/watch?v=e-VwHe7L5fE
You've Cut Carbs...Now What Do You Eat? | Low Carb Diet,"1,743,569 views","low carb, fats, fiber, lose weight, blood sugar, eat, food, protein, macros, dr becky, dr becky fitness, low-carb, intermittent fasting, 2 fit docs, fasting,...",https://i.ytimg.com/vi/LN3pYh4rTH0/hqdefault.jpg,https://www.youtube.com/watch?v=LN3pYh4rTH0
The 7 Biggest Keto Mistakes (Avoid these Pitfalls) 2020,"792,517 views","7 biggest keto mistakes, biggest keto mistakes, keto mistakes, keto mistakes to avoid, keto mistakes youtube, 5 keto mistakes, 10 keto mistakes, keto beginne...",https://i.ytimg.com/vi/Ye2oryhzYwA/maxresdefault.jpg,https://www.youtube.com/watch?v=Ye2oryhzYwA
15 Common CARNIVORE Diet Mistakes (Sorry about that Last One) 2020,"214,846 views","15 common carnivore diet mistakes, common carnivore diet mistakes, carnivore diet mistakes, carnivore diet mistakes with dr. ken berry, carnivore diet, carni...",https://i.ytimg.com/vi/xE383evpvXM/maxresdefault.jpg,https://www.youtube.com/watch?v=xE383evpvXM
7 Natural Ways to Raise Testosterone (For FREE),"2,012,366 views","7 natural ways to raise testosterone, 7 ways to raise testosterone, raise your testosterone, how to raise your testosterone, how can i raise my testoterone, ...",https://i.ytimg.com/vi/ki6xrEiHE4U/maxresdefault.jpg,https://www.youtube.com/watch?v=ki6xrEiHE4U
Power Foods for the Brain | Neal Barnard | TEDxBismarck,"6,597,103 views","TEDxTalks, English, United States, Health, Body",https://i.ytimg.com/vi/v_ONFix_e4k/maxresdefault.jpg,https://www.youtube.com/watch?v=v_ONFix_e4k
What is the best diet for humans? | Eran Segal | TEDxRuppin,"2,721,678 views","TEDxTalks, English, Israel, Health, Biology, Biotech, Math, Microbiology, Nutrition, Public health",https://i.ytimg.com/vi/0z03xkwFbw4/maxresdefault.jpg,https://www.youtube.com/watch?v=0z03xkwFbw4
The Skill of Humor | Andrew Tarvin | TEDxTAMU,"8,390,444 views","TEDxTalks, English, United States, Life, Humor, Speech",https://i.ytimg.com/vi/MdZAMSyn_As/hqdefault.jpg,https://www.youtube.com/watch?v=MdZAMSyn_As
More than funny | Michael Jr. | TEDxUniversityofNevada,"2,926,892 views","TEDxTalks, English, United States, Entertainment, Comedy, Motivation",https://i.ytimg.com/vi/twSvd5bQLDw/maxresdefault.jpg,https://www.youtube.com/watch?v=twSvd5bQLDw
Dementia is preventable through lifestyle. Start now. | Max Lugavere | TEDxVeniceBeach,"729,359 views","TEDxTalks, English, Health, Aging, Brain, Disease, Food, Memory, Mental health, Nutrition",https://i.ytimg.com/vi/f0WCb23KPEw/maxresdefault.jpg,https://www.youtube.com/watch?v=f0WCb23KPEw
"Decoding the Gita, India's book of answers | Roopa Pai | TEDxNMIMSBangalore","1,637,723 views","TEDxTalks, English, India, Education, Religion",https://i.ytimg.com/vi/ckaEwJj2A1U/maxresdefault.jpg,https://www.youtube.com/watch?v=ckaEwJj2A1U
Ayurveda Over Western Medicines | Dr. B.M HEGDE | TEDxMITE,"1,193,123 views","TEDxTalks, English, India, Health, Biology, Disease, Human origins, Medicine, Science",https://i.ytimg.com/vi/HzTvEK1sVi0/maxresdefault.jpg,https://www.youtube.com/watch?v=HzTvEK1sVi0
The interesting story of our educational system | Adhitya Iyer | TEDxCRCE,"2,976,927 views","TEDxTalks, English, India, Education, Change, Education reform, Students",https://i.ytimg.com/vi/Fw1Fc_y_2Ek/maxresdefault.jpg,https://www.youtube.com/watch?v=Fw1Fc_y_2Ek
Lessons learned from India. | Sara Demkow | TEDxYouth@TBSWarsaw,"1,395,949 views","TEDxTalks, English, Life, Adventure, Culture, Ideas",https://i.ytimg.com/vi/HRBzRphZ3rQ/maxresdefault.jpg,https://www.youtube.com/watch?v=HRBzRphZ3rQ
Making a Commitment | Shiv Khera | TEDxIIFTDelhi,"871,453 views","TEDxTalks, English, Life, Failure, Life Development, Personal growth, Success",https://i.ytimg.com/vi/PjQXhoXvln4/maxresdefault.jpg,https://www.youtube.com/watch?v=PjQXhoXvln4
How to travel the world with almost no money | Tomislav Perko | TEDxTUHH,"6,797,452 views","TEDxTalks, English, Germany, Life, Achievement, Adventure, Book, Comedy, Dreams, Entertainment, Personal growth, Sharing, Travel",https://i.ytimg.com/vi/R7vmHGAshi8/maxresdefault.jpg,https://www.youtube.com/watch?v=R7vmHGAshi8
Learn to travel -- travel to learn: Robin Esrock at TEDxVancouver,"982,631 views","Travel, TEDxVancouver, tedx talks, Canada, ted x, tedx, ted talk, tedx talk, ted talks, Lifestyle, English, ted",https://i.ytimg.com/vi/S0TemlxiMdw/maxresdefault.jpg,https://www.youtube.com/watch?v=S0TemlxiMdw
Master Shi Heng Yi – 5 hindrances to self-mastery | Shi Heng YI | TEDxVitosha,"4,461,162 views","TEDxTalks, English, Life, Life Development, Mental health, Personal growth",https://i.ytimg.com/vi/4-079YIasck/maxresdefault.jpg,https://www.youtube.com/watch?v=4-079YIasck
The interesting story of our educational system | Adhitya Iyer | TEDxCRCE,"2,976,960 views","TEDxTalks, English, India, Education, Change, Education reform, Students",https://i.ytimg.com/vi/Fw1Fc_y_2Ek/maxresdefault.jpg,https://www.youtube.com/watch?v=Fw1Fc_y_2Ek
Stand Alone to Stand Apart | Bhuvan Bam | TEDxJUIT,"8,427,286 views","TEDxTalks, Hindi, India, Life, Education, Entertainment, Entrepreneurship, Life Development, Motivation, Social Entrepreneurship, Song, Youth",https://i.ytimg.com/vi/t9fP_b8Ebow/hqdefault.jpg,https://www.youtube.com/watch?v=t9fP_b8Ebow
Want to improve your memory-Do this everyday | Krishan Chahal | TEDxMMUSadopurAmbala,"3,300,770 views","TEDxTalks, English, India, Health, Brain, Career, Education, Intelligence, Learning, Life Development, Life Hack, Memory, Mental health, Motivation, Self imp...",https://i.ytimg.com/vi/AxiZC50IjCM/hqdefault.jpg,https://www.youtube.com/watch?v=AxiZC50IjCM
How to triple your memory by using this trick | Ricardo Lieuw On | TEDxHaarlem,"8,693,463 views","TEDxTalks, English, Education, Brain, Cognitive science, Learning, Psychology, Students",https://i.ytimg.com/vi/JsC9ZHi79jo/maxresdefault.jpg,https://www.youtube.com/watch?v=JsC9ZHi79jo
5 techniques to speak any language | Sid Efromovich | TEDxUpperEastSide,"12,115,817 views","tedx talk, ted talk, tedx, tedxuppereastside, tedx talks, ted x, United States Of America (Country), ted talks, English Language (Human Language), TEDx, cult...",https://i.ytimg.com/vi/-WLHr1_EVtQ/maxresdefault.jpg,https://www.youtube.com/watch?v=-WLHr1_EVtQ
Why I read a book a day (and why you should too): the law of 33% | Tai Lopez | TEDxUBIWiltz,"11,905,281 views","tedx talk, will stephen, ted talk, ted x, tedx, how to sound smart in your tedx talk, ted, ted talks, tedx talks",https://i.ytimg.com/vi/7bB_fVDlvhc/hqdefault.jpg,https://www.youtube.com/watch?v=7bB_fVDlvhc
Designing Your Life | Bill Burnett | TEDxStanford,"2,835,250 views","TEDxTalks, English, United States, Life, Big problems, Career, Cause, Change, Choice, Classroom, Connection, Creation, Creativity, Curiosity, Decision making...",https://i.ytimg.com/vi/SemHh0n19LA/maxresdefault.jpg,https://www.youtube.com/watch?v=SemHh0n19LA
Don't Believe Everything You Think | Lauren Weinstein | TEDxPaloAlto,"1,027,410 views","TEDxTalks, English, Life, Behavior, Change, Communication, Compassion, Education, Empathy, Mindfulness, Personal education, Personal growth",https://i.ytimg.com/vi/Xdhmgp4IUL0/maxresdefault.jpg,https://www.youtube.com/watch?v=Xdhmgp4IUL0
Why you feel what you feel | Alan Watkins | TEDxOxford,"2,987,368 views","TEDxTalks, English, United Kingdom, Life, Emotions, Happiness, Mindfulness, Personal growth, Psychology, Self, Self improvement, Self-help, Success",https://i.ytimg.com/vi/h-rRgpPbR5w/maxresdefault.jpg,https://www.youtube.com/watch?v=h-rRgpPbR5w
The Secret of Becoming Mentally Strong | Amy Morin | TEDxOcala,"15,042,477 views","TEDxTalks, English, United States, Social Science, Behavior, Brain, Cognitive science, Control, Emotions, Mental health, Self improvement, Self-help",https://i.ytimg.com/vi/TFbv757kup4/hqdefault.jpg,https://www.youtube.com/watch?v=TFbv757kup4
The Magic of Not Giving a F*** | Sarah Knight | TEDxCoconutGrove,"8,129,033 views","TEDxTalks, English, United States, Life, Behavior, Book, Career, Change, Choice, Comedy, Communication, Control, Decision making, Freedom, Goal-setting, Happ...",https://i.ytimg.com/vi/GwRzjFQa_Og/maxresdefault.jpg,https://www.youtube.com/watch?v=GwRzjFQa_Og
"Overcoming Rejection, When People Hurt You & Life Isn't Fair | Darryll Stinson | TEDxWileyCollege","259,911 views","TEDxTalks, English, Life, Race, Self improvement",https://i.ytimg.com/vi/8yBfAeadqjI/maxresdefault.jpg,https://www.youtube.com/watch?v=8yBfAeadqjI
The Unstoppable Power of Letting Go | Jill Sherer Murray | TEDxWilmingtonWomen,"2,792,720 views","TEDxTalks, English, United States, Life, Behavior, Big problems, Body language, Career, Chemistry, Communication, Community, Compassion, Connection, Consciou...",https://i.ytimg.com/vi/nirKw3mWB3I/maxresdefault.jpg,https://www.youtube.com/watch?v=nirKw3mWB3I
The Secret of Becoming Mentally Strong | Amy Morin | TEDxOcala,"15,042,477 views","TEDxTalks, English, United States, Social Science, Behavior, Brain, Cognitive science, Control, Emotions, Mental health, Self improvement, Self-help",https://i.ytimg.com/vi/TFbv757kup4/hqdefault.jpg,https://www.youtube.com/watch?v=TFbv757kup4
How to Achieve Your Most Ambitious Goals | Stephen Duneier | TEDxTucson,"8,493,805 views","TEDxTalks, English, United States, Life, Achievement, Adventure, Art, Change, Decision making, Dreams, Entrepreneurship, Exploration, Goal-setting, Happiness...",https://i.ytimg.com/vi/TQMbvJNRpLE/maxresdefault.jpg,https://www.youtube.com/watch?v=TQMbvJNRpLE
How to Get Your Brain to Focus | Chris Bailey | TEDxManchester,"5,892,731 views","TEDxTalks, English, Business, Creativity, Goal-setting, Life Hack, Personal growth, Productivity, Work",https://i.ytimg.com/vi/Hu4Yvq-g7_Y/maxresdefault.jpg,https://www.youtube.com/watch?v=Hu4Yvq-g7_Y
Food for thought: How your belly controls your brain | Ruairi Robertson | TEDxFulbrightSantaMonica,"3,766,513 views","TEDxTalks, English, United States, Science (hard), Bacteria, Brain, Food, Nutrition",https://i.ytimg.com/vi/awtmTJW9ic8/maxresdefault.jpg,https://www.youtube.com/watch?v=awtmTJW9ic8
How to triple your memory by using this trick | Ricardo Lieuw On | TEDxHaarlem,"8,693,463 views","TEDxTalks, English, Education, Brain, Cognitive science, Learning, Psychology, Students",https://i.ytimg.com/vi/JsC9ZHi79jo/maxresdefault.jpg,https://www.youtube.com/watch?v=JsC9ZHi79jo
How to learn any language in six months | Chris Lonsdale | TEDxLingnanUniversity,"23,084,557 views","TEDxLingnanUniversity, Lingnan, CEAL, Chris Lonsdale, Language (Philosophical Subject), tedx talk, English, ted talk, Beautiful, Language Education (Website ...",https://i.ytimg.com/vi/d0yGdNEWdn0/maxresdefault.jpg,https://www.youtube.com/watch?v=d0yGdNEWdn0
5 techniques to speak any language | Sid Efromovich | TEDxUpperEastSide,"12,115,827 views","tedx talk, ted talk, tedx, tedxuppereastside, tedx talks, ted x, United States Of America (Country), ted talks, English Language (Human Language), TEDx, cult...",https://i.ytimg.com/vi/-WLHr1_EVtQ/maxresdefault.jpg,https://www.youtube.com/watch?v=-WLHr1_EVtQ
Breaking the language barrier | Tim Doner | TEDxTeen 2014,"4,166,568 views","language, TEDxTeen, tedx talk, languages, TEDx, ted x, Tim Doner, ted, TED (Organization), ted talk, tedx talks, ted talks, tedx",https://i.ytimg.com/vi/xNmf-G81Irs/maxresdefault.jpg,https://www.youtube.com/watch?v=xNmf-G81Irs
Why people believe they can’t draw - and how to prove they can | Graham Shaw | TEDxHull,"33,026,060 views","ted talks, tedx talk, Education, Self improvement, Communication, tedx talks, Business, Art, United Kingdom, ted talk, TEDxTalks, ted, Self, English, Health,...",https://i.ytimg.com/vi/7TXEZ4tP06c/maxresdefault.jpg,https://www.youtube.com/watch?v=7TXEZ4tP06c
This is how I steal a PIN code | Timon Krause | TEDxAmsterdam,"985,304 views","TEDxTalks, English, Entertainment, Magic",https://i.ytimg.com/vi/DFOOq3mwL4o/maxresdefault.jpg,https://www.youtube.com/watch?v=DFOOq3mwL4o
How a 13 year old changed 'Impossible' to 'I'm Possible' | Sparsh Shah | TEDxGateway,"7,815,624 views","TEDxTalks, English, India, Life, Achievement, Culture, Disability, Disease, Entertainment, Music (performance)",https://i.ytimg.com/vi/bC0hlK7WGcM/maxresdefault.jpg,https://www.youtube.com/watch?v=bC0hlK7WGcM
Faster than a calculator | Arthur Benjamin | TEDxOxford,"21,186,586 views","English, TEDxOxford, tedx talk, ted talk, UK, Oxford, \Mental arithmetic\, ted talks, ted, ted x, Mathematics, tedx talks, United Kingdom (Country), Maths, M...",https://i.ytimg.com/vi/e4PTvXtz4GM/maxresdefault.jpg,https://www.youtube.com/watch?v=e4PTvXtz4GM
25 Chemistry Experiments in 15 Minutes | Andrew Szydlo | TEDxNewcastle,"2,205,083 views","TEDxTalks, English, Science (hard), Chemistry, Education, Science, Teaching",https://i.ytimg.com/vi/bOuEJf8Dr_4/maxresdefault.jpg,https://www.youtube.com/watch?v=bOuEJf8Dr_4
How to travel the world with almost no money | Tomislav Perko | TEDxTUHH,"6,797,495 views","TEDxTalks, English, Germany, Life, Achievement, Adventure, Book, Comedy, Dreams, Entertainment, Personal growth, Sharing, Travel",https://i.ytimg.com/vi/R7vmHGAshi8/maxresdefault.jpg,https://www.youtube.com/watch?v=R7vmHGAshi8
How To Come Up With Good Ideas | Mark Rober | TEDxYouth@ColumbiaSC,"884,400 views","TEDxTalks, English, United States, Life, Creation, Education, Ideas, Innovation",https://i.ytimg.com/vi/L1kbrlZRDvU/maxresdefault.jpg,https://www.youtube.com/watch?v=L1kbrlZRDvU
The interesting story of our educational system | Adhitya Iyer | TEDxCRCE,"2,976,960 views","TEDxTalks, English, India, Education, Change, Education reform, Students",https://i.ytimg.com/vi/Fw1Fc_y_2Ek/maxresdefault.jpg,https://www.youtube.com/watch?v=Fw1Fc_y_2Ek
How to triple your memory by using this trick | Ricardo Lieuw On | TEDxHaarlem,"8,693,493 views","TEDxTalks, English, Education, Brain, Cognitive science, Learning, Psychology, Students",https://i.ytimg.com/vi/JsC9ZHi79jo/maxresdefault.jpg,https://www.youtube.com/watch?v=JsC9ZHi79jo
5 techniques to speak any language | Sid Efromovich | TEDxUpperEastSide,"12,115,827 views","tedx talk, ted talk, tedx, tedxuppereastside, tedx talks, ted x, United States Of America (Country), ted talks, English Language (Human Language), TEDx, cult...",https://i.ytimg.com/vi/-WLHr1_EVtQ/maxresdefault.jpg,https://www.youtube.com/watch?v=-WLHr1_EVtQ
How to become a memory master | Idriz Zogaj | TEDxGoteborg,"9,284,526 views","Images, Championship, Sweden, Mind, tedx talk, Brain, Worldmemorychampionship, TEDxGöteborg, Tricks, ted, Mentathlon, Practice, Learning, Rainman, ted talk, ...",https://i.ytimg.com/vi/9ebJlcZMx3c/maxresdefault.jpg,https://www.youtube.com/watch?v=9ebJlcZMx3c
The magical science of storytelling | David JP Phillips | TEDxStockholm,"2,372,369 views","TEDxTalks, English, Sweden, Entertainment, Biology, Neuroscience, Presentation, Science",https://i.ytimg.com/vi/Nj-hdQMa3uA/maxresdefault.jpg,https://www.youtube.com/watch?v=Nj-hdQMa3uA
How to learn any language in six months | Chris Lonsdale | TEDxLingnanUniversity,"23,084,557 views","TEDxLingnanUniversity, Lingnan, CEAL, Chris Lonsdale, Language (Philosophical Subject), tedx talk, English, ted talk, Beautiful, Language Education (Website ...",https://i.ytimg.com/vi/d0yGdNEWdn0/maxresdefault.jpg,https://www.youtube.com/watch?v=d0yGdNEWdn0
How to Talk Like a Native Speaker | Marc Green | TEDxHeidelberg,"3,704,457 views","TEDxTalks, English, Education, Achievement, Culture, Green, Language, Learning, Speech, Travel",https://i.ytimg.com/vi/Ti_gFEe1XNY/maxresdefault.jpg,https://www.youtube.com/watch?v=Ti_gFEe1XNY
2 Billion Voices: How to speak bad English perfectly | Heather Hansen | TEDxOdense,"61,568 views","TEDxTalks, English, Global Issues, Communication, Identity, International Affairs, Language, Speech",https://i.ytimg.com/vi/9dum2Z4B3js/maxresdefault.jpg,https://www.youtube.com/watch?v=9dum2Z4B3js
Creating bilingual minds | Naja Ferjan Ramirez | TEDxLjubljana,"1,893,882 views","TEDxTalks, English, Slovakia, Science (hard), Brain, Childhood, Children, Education, Neurology, Neuroscience, Research, Science, Speech",https://i.ytimg.com/vi/Bp2Fvkt-TRM/maxresdefault.jpg,https://www.youtube.com/watch?v=Bp2Fvkt-TRM
Why We Struggle Learning Languages | Gabriel Wyner | TEDxNewBedford,"1,427,589 views","TEDxTalks, English, Education, Culture, Language, Learning, Memory, Speech",https://i.ytimg.com/vi/iBMfg4WkKL8/maxresdefault.jpg,https://www.youtube.com/watch?v=iBMfg4WkKL8
How not to take things personally? | Frederik Imbo | TEDxMechelen,"2,010,372 views","TEDxTalks, English, Life, Communication, Speech, Violence",https://i.ytimg.com/vi/LnJwH_PZXnM/maxresdefault.jpg,https://www.youtube.com/watch?v=LnJwH_PZXnM
"The most important lesson from 83,000 brain scans | Daniel Amen | TEDxOrangeCoast","14,328,532 views","Design Thinking, brain imagery, English Language, ted talks, tedx talk, ted talk, Segerstrom Center For The Arts (Organization), Thinking Change, Tedxorangec...",https://i.ytimg.com/vi/esPRsT-lmw8/maxresdefault.jpg,https://www.youtube.com/watch?v=esPRsT-lmw8
How to learn any language in six months | Chris Lonsdale | TEDxLingnanUniversity,"23,084,655 views","TEDxLingnanUniversity, Lingnan, CEAL, Chris Lonsdale, Language (Philosophical Subject), tedx talk, English, ted talk, Beautiful, Language Education (Website ...",https://i.ytimg.com/vi/d0yGdNEWdn0/maxresdefault.jpg,https://www.youtube.com/watch?v=d0yGdNEWdn0
How to travel the world with almost no money | Tomislav Perko | TEDxTUHH,"6,797,495 views","TEDxTalks, English, Germany, Life, Achievement, Adventure, Book, Comedy, Dreams, Entertainment, Personal growth, Sharing, Travel",https://i.ytimg.com/vi/R7vmHGAshi8/maxresdefault.jpg,https://www.youtube.com/watch?v=R7vmHGAshi8
The Skill of Humor | Andrew Tarvin | TEDxTAMU,"8,390,520 views","TEDxTalks, English, United States, Life, Humor, Speech",https://i.ytimg.com/vi/MdZAMSyn_As/hqdefault.jpg,https://www.youtube.com/watch?v=MdZAMSyn_As
How to Have a Good Conversation | Celeste Headlee | TEDxCreativeCoast,"5,431,040 views","TEDxTalks, English, United States, Humanities, Communication, Social Interaction, Work",https://i.ytimg.com/vi/H6n3iNh4XLI/maxresdefault.jpg,https://www.youtube.com/watch?v=H6n3iNh4XLI
"Don't find a job, find a mission | Celeste Headlee | TEDxAugusta","1,316,918 views","Career, tedx talks, ted talk, English, ted x, ted, TEDxTalks, tedx talk, United States, Dreams, tedx, Life, ted talks",https://i.ytimg.com/vi/VVx6ntr5OqI/maxresdefault.jpg,https://www.youtube.com/watch?v=VVx6ntr5OqI
Find your dream job without ever looking at your resume | Laura Berman Fortgang | TEDxBocaRaton,"1,487,558 views","TEDxTalks, English, United States, Life, Achievement, Business, Career, Choice, Culture, Decision making, Freedom, Goal-setting, Happiness, Hope, Ideas, Iden...",https://i.ytimg.com/vi/wfNX1cHk-fE/maxresdefault.jpg,https://www.youtube.com/watch?v=wfNX1cHk-fE
Reshaping the story of your career: Joseph Liu at TEDxCardiff,"133,361 views","tedx talk, ted x, TEDx, ted talks, tedx, ted, tedxcardiff, ted talk, tedx talks",https://i.ytimg.com/vi/OGpVOSPqboc/maxresdefault.jpg,https://www.youtube.com/watch?v=OGpVOSPqboc
Stop trying so hard. Achieve more by doing less. | Bethany Butzer | TEDxUNYP,"1,498,224 views","TEDxTalks, English, Life, Achievement, Life Hack, Personal growth, Psychology",https://i.ytimg.com/vi/S8yWLA--S8Q/maxresdefault.jpg,https://www.youtube.com/watch?v=S8yWLA--S8Q
How not to take things personally? | Frederik Imbo | TEDxMechelen,"2,010,413 views","TEDxTalks, English, Life, Communication, Speech, Violence",https://i.ytimg.com/vi/LnJwH_PZXnM/maxresdefault.jpg,https://www.youtube.com/watch?v=LnJwH_PZXnM
"The most important lesson from 83,000 brain scans | Daniel Amen | TEDxOrangeCoast","14,328,532 views","Design Thinking, brain imagery, English Language, ted talks, tedx talk, ted talk, Segerstrom Center For The Arts (Organization), Thinking Change, Tedxorangec...",https://i.ytimg.com/vi/esPRsT-lmw8/maxresdefault.jpg,https://www.youtube.com/watch?v=esPRsT-lmw8
Dementia is preventable through lifestyle. Start now. | Max Lugavere | TEDxVeniceBeach,"729,365 views","TEDxTalks, English, Health, Aging, Brain, Disease, Food, Memory, Mental health, Nutrition",https://i.ytimg.com/vi/f0WCb23KPEw/maxresdefault.jpg,https://www.youtube.com/watch?v=f0WCb23KPEw
Master Shi Heng Yi – 5 hindrances to self-mastery | Shi Heng YI | TEDxVitosha,"4,461,400 views","TEDxTalks, English, Life, Life Development, Mental health, Personal growth",https://i.ytimg.com/vi/4-079YIasck/maxresdefault.jpg,https://www.youtube.com/watch?v=4-079YIasck
How to learn any language in six months | Chris Lonsdale | TEDxLingnanUniversity,"23,084,655 views","TEDxLingnanUniversity, Lingnan, CEAL, Chris Lonsdale, Language (Philosophical Subject), tedx talk, English, ted talk, Beautiful, Language Education (Website ...",https://i.ytimg.com/vi/d0yGdNEWdn0/maxresdefault.jpg,https://www.youtube.com/watch?v=d0yGdNEWdn0
Want to improve your memory-Do this everyday | Krishan Chahal | TEDxMMUSadopurAmbala,"3,300,785 views","TEDxTalks, English, India, Health, Brain, Career, Education, Intelligence, Learning, Life Development, Life Hack, Memory, Mental health, Motivation, Self imp...",https://i.ytimg.com/vi/AxiZC50IjCM/hqdefault.jpg,https://www.youtube.com/watch?v=AxiZC50IjCM
How To Multiply Your Time | Rory Vaden | TEDxDouglasville,"3,797,926 views","TEDxTalks, English, United States, Business, Career, Entrepreneurship, Productivity, Work",https://i.ytimg.com/vi/y2X7c9TUQJ8/maxresdefault.jpg,https://www.youtube.com/watch?v=y2X7c9TUQJ8
Think Fast. Talk Smart | Matt Abrahams | TEDxMontaVistaHighSchool,"3,907,584 views","TEDxTalks, English, United States, Education, Communication, Development, Motivation, Self improvement, Speech, Body language, Career, Debate, Fear, Ideas, L...",https://i.ytimg.com/vi/o3K_HbpWNpg/maxresdefault.jpg,https://www.youtube.com/watch?v=o3K_HbpWNpg
How To Multiply Your Time | Rory Vaden | TEDxDouglasville,"3,797,926 views","TEDxTalks, English, United States, Business, Career, Entrepreneurship, Productivity, Work",https://i.ytimg.com/vi/y2X7c9TUQJ8/maxresdefault.jpg,https://www.youtube.com/watch?v=y2X7c9TUQJ8
Scrum: How to do twice as much in half the time | Jeff Sutherland | TEDxAix,"2,026,654 views","ted x, Computer Science, tedx talks, English, ted talk, Career/Life Development, tedx talk, tedx, France, ted talks, ted, Business, TEDxTalks",https://i.ytimg.com/vi/s4thQcgLCqk/maxresdefault.jpg,https://www.youtube.com/watch?v=s4thQcgLCqk
Beautiful minds are free from fear: Robert Grant at TEDxOrangeCoast,"2,461,645 views","Innovative, Orange County (US County), Thinking, TEDx, English Language, tedxoc, tedx, Thinking Change, fear, ted x, ted talks, Innovation Without Borders, S...",https://i.ytimg.com/vi/1XDpa2HLXV0/maxresdefault.jpg,https://www.youtube.com/watch?v=1XDpa2HLXV0
How to motivate yourself to change your behavior | Tali Sharot | TEDxCambridge,"10,110,998 views","Lifestyle, Social Science, tedx talks, Psychology, tedx talk, English, United States, brain, quitting, behavior, neuroscience, ted",https://i.ytimg.com/vi/xp0O2vi8DX4/maxresdefault.jpg,https://www.youtube.com/watch?v=xp0O2vi8DX4
"How ""SHE"" became an IAS officer | Surabhi Gautam | TEDxRGPV","8,805,848 views","TEDxTalks, Hindi, Education, Education reform",https://i.ytimg.com/vi/sKvMxZ284AA/hqdefault.jpg,https://www.youtube.com/watch?v=sKvMxZ284AA
Success Mantra : Being Original | RJ Naved | TEDxIIITD,"1,657,312 views","TEDxTalks, Hindi, India, Humanities, Comedy, Society",https://i.ytimg.com/vi/ZWKCY0HgXkA/maxresdefault.jpg,https://www.youtube.com/watch?v=ZWKCY0HgXkA
Master Shi Heng Yi – 5 hindrances to self-mastery | Shi Heng YI | TEDxVitosha,"4,461,400 views","TEDxTalks, English, Life, Life Development, Mental health, Personal growth",https://i.ytimg.com/vi/4-079YIasck/maxresdefault.jpg,https://www.youtube.com/watch?v=4-079YIasck
How to travel the world with almost no money | Tomislav Perko | TEDxTUHH,"6,797,519 views","TEDxTalks, English, Germany, Life, Achievement, Adventure, Book, Comedy, Dreams, Entertainment, Personal growth, Sharing, Travel",https://i.ytimg.com/vi/R7vmHGAshi8/maxresdefault.jpg,https://www.youtube.com/watch?v=R7vmHGAshi8
7 Ways to Make a Conversation With Anyone | Malavika Varadan | TEDxBITSPilaniDubai,"16,520,512 views","TEDxTalks, English, United Arab Emirates, Life, Personal growth",https://i.ytimg.com/vi/F4Zu5ZZAG7I/maxresdefault.jpg,https://www.youtube.com/watch?v=F4Zu5ZZAG7I
How to Have a Good Conversation | Celeste Headlee | TEDxCreativeCoast,"5,431,040 views","TEDxTalks, English, United States, Humanities, Communication, Social Interaction, Work",https://i.ytimg.com/vi/H6n3iNh4XLI/maxresdefault.jpg,https://www.youtube.com/watch?v=H6n3iNh4XLI
4 Habits of ALL Successful Relationships | Dr. Andrea & Jonathan Taylor-Cummings | TEDxSquareMile,"1,484,046 views","TEDxTalks, English, Global Issues, Communication, Education, Family, Happiness, Mental health, Relationships, Social Change, Work",https://i.ytimg.com/vi/o4Y5Mr8rZ9A/maxresdefault.jpg,https://www.youtube.com/watch?v=o4Y5Mr8rZ9A
The Magic of Not Giving a F*** | Sarah Knight | TEDxCoconutGrove,"8,129,056 views","TEDxTalks, English, United States, Life, Behavior, Book, Career, Change, Choice, Comedy, Communication, Control, Decision making, Freedom, Goal-setting, Happ...",https://i.ytimg.com/vi/GwRzjFQa_Og/maxresdefault.jpg,https://www.youtube.com/watch?v=GwRzjFQa_Og
How to Figure Out What You Really Want | Ashley Stahl | TEDxLeidenUniversity,"2,453,116 views","TEDxTalks, English, Life, Career, Change, Fear, Happiness, Motivation, Purpose, Self-help, Work",https://i.ytimg.com/vi/bRtBHF-WPpM/maxresdefault.jpg,https://www.youtube.com/watch?v=bRtBHF-WPpM
The art of being yourself | Caroline McHugh | TEDxMiltonKeynesWomen,"10,133,512 views","tedx, ted x, tedx talks, ted talks, ted talk, tedx talk, ted",https://i.ytimg.com/vi/veEQQ-N9xWU/maxresdefault.jpg,https://www.youtube.com/watch?v=veEQQ-N9xWU
What Representing Men in Divorce Taught Me About Fatherhood | Marilyn York | TEDxUniversityofNevada,"3,597,648 views","TEDxTalks, English, Life, Law, Men, Parenting",https://i.ytimg.com/vi/RlSwsE22nX0/maxresdefault.jpg,https://www.youtube.com/watch?v=RlSwsE22nX0
4 Habits of ALL Successful Relationships | Dr. Andrea & Jonathan Taylor-Cummings | TEDxSquareMile,"1,484,046 views","TEDxTalks, English, Global Issues, Communication, Education, Family, Happiness, Mental health, Relationships, Social Change, Work",https://i.ytimg.com/vi/o4Y5Mr8rZ9A/maxresdefault.jpg,https://www.youtube.com/watch?v=o4Y5Mr8rZ9A
Master Shi Heng Yi – 5 hindrances to self-mastery | Shi Heng YI | TEDxVitosha,"4,461,492 views","TEDxTalks, English, Life, Life Development, Mental health, Personal growth",https://i.ytimg.com/vi/4-079YIasck/maxresdefault.jpg,https://www.youtube.com/watch?v=4-079YIasck
More than funny | Michael Jr. | TEDxUniversityofNevada,"2,926,921 views","TEDxTalks, English, United States, Entertainment, Comedy, Motivation",https://i.ytimg.com/vi/twSvd5bQLDw/maxresdefault.jpg,https://www.youtube.com/watch?v=twSvd5bQLDw
