"AlphaGo - The Movie | Full Documentary
DeepMind
6.4M views
7 months ago",https://www.youtube.com/watch?v=WXuK6gekU1Y,screenshot0.png
"In the Age of AI (full film) | FRONTLINE
FRONTLINE PBS | Official
4M views
10 months ago",https://www.youtube.com/watch?v=5dZ_lvDgevk,screenshot1.png
"In the Age of AI (full film) | FRONTLINE
FRONTLINE PBS | Official
4M views
10 months ago",https://www.youtube.com/watch?v=5dZ_lvDgevk,screenshot2.png
"In the Age of AI (full film) | FRONTLINE
FRONTLINE PBS | Official
4M views
10 months ago",https://www.youtube.com/watch?v=5dZ_lvDgevk,screenshot3.png
"AlphaGo - The Movie | Full Documentary
DeepMind
6.4M views
7 months ago",https://www.youtube.com/watch?v=WXuK6gekU1Y,screenshot4.png
"In the Age of AI (full film) | FRONTLINE
FRONTLINE PBS | Official
4M views
10 months ago",https://www.youtube.com/watch?v=5dZ_lvDgevk,screenshot5.png
"In the Age of AI (full film) | FRONTLINE
FRONTLINE PBS | Official
4M views
10 months ago",https://www.youtube.com/watch?v=5dZ_lvDgevk,screenshot6.png
"In the Age of AI (full film) | FRONTLINE
FRONTLINE PBS | Official
4M views
10 months ago",https://www.youtube.com/watch?v=5dZ_lvDgevk,screenshot7.png
"AlphaGo - The Movie | Full Documentary
DeepMind
6.4M views
7 months ago",https://www.youtube.com/watch?v=WXuK6gekU1Y,screenshot8.png
"AlphaGo - The Movie | Full Documentary
DeepMind
6.4M views
7 months ago",https://www.youtube.com/watch?v=WXuK6gekU1Y,screenshot9.png
"In the Age of AI (full film) | FRONTLINE
FRONTLINE PBS | Official
4M views
10 months ago",https://www.youtube.com/watch?v=5dZ_lvDgevk,screenshot10.png
"AlphaGo - The Movie | Full Documentary
DeepMind
6.4M views
7 months ago",https://www.youtube.com/watch?v=WXuK6gekU1Y,screenshot11.png
"In the Age of AI (full film) | FRONTLINE
FRONTLINE PBS | Official
4M views
10 months ago",https://www.youtube.com/watch?v=5dZ_lvDgevk,screenshot12.png
"In the Age of AI (full film) | FRONTLINE
FRONTLINE PBS | Official
4M views
10 months ago",https://www.youtube.com/watch?v=5dZ_lvDgevk,screenshot13.png
"AlphaGo - The Movie | Full Documentary
DeepMind
6.4M views
7 months ago",https://www.youtube.com/watch?v=WXuK6gekU1Y,screenshot14.png
"AlphaGo - The Movie | Full Documentary
DeepMind
6.4M views
7 months ago",https://www.youtube.com/watch?v=WXuK6gekU1Y,screenshot15.png
"AlphaGo - The Movie | Full Documentary
DeepMind
6.4M views
7 months ago",https://www.youtube.com/watch?v=WXuK6gekU1Y,screenshot16.png
"AlphaGo - The Movie | Full Documentary
DeepMind
6.4M views
7 months ago",https://www.youtube.com/watch?v=WXuK6gekU1Y,screenshot17.png
"AlphaGo - The Movie | Full Documentary
DeepMind
6.4M views
7 months ago",https://www.youtube.com/watch?v=WXuK6gekU1Y,screenshot18.png
"AlphaGo - The Movie | Full Documentary
DeepMind
6.4M views
7 months ago",https://www.youtube.com/watch?v=WXuK6gekU1Y,screenshot19.png
"AlphaGo - The Movie | Full Documentary
DeepMind
6.4M views
7 months ago",https://www.youtube.com/watch?v=WXuK6gekU1Y,screenshot20.png
"AlphaGo - The Movie | Full Documentary
DeepMind
6.4M views
7 months ago",https://www.youtube.com/watch?v=WXuK6gekU1Y,screenshot21.png
"AlphaGo - The Movie | Full Documentary
DeepMind
6.4M views
7 months ago",https://www.youtube.com/watch?v=WXuK6gekU1Y,screenshot22.png
"AlphaGo - The Movie | Full Documentary
DeepMind
6.4M views
7 months ago",https://www.youtube.com/watch?v=WXuK6gekU1Y,screenshot23.png
"AlphaGo - The Movie | Full Documentary
DeepMind
6.4M views
7 months ago",https://www.youtube.com/watch?v=WXuK6gekU1Y,screenshot24.png
"AlphaGo - The Movie | Full Documentary
DeepMind
6.4M views
7 months ago",https://www.youtube.com/watch?v=WXuK6gekU1Y,screenshot25.png
"AlphaGo - The Movie | Full Documentary
DeepMind
6.4M views
7 months ago",https://www.youtube.com/watch?v=WXuK6gekU1Y,screenshot26.png
"AlphaGo - The Movie | Full Documentary
DeepMind
6.4M views
7 months ago",https://www.youtube.com/watch?v=WXuK6gekU1Y,screenshot27.png
"AlphaGo - The Movie | Full Documentary
DeepMind
6.4M views
7 months ago",https://www.youtube.com/watch?v=WXuK6gekU1Y,screenshot28.png
"AlphaGo - The Movie | Full Documentary
DeepMind
6.4M views
7 months ago",https://www.youtube.com/watch?v=WXuK6gekU1Y,screenshot29.png
"AlphaGo - The Movie | Full Documentary
DeepMind
6.4M views
7 months ago",https://www.youtube.com/watch?v=WXuK6gekU1Y,screenshot30.png
"AlphaGo - The Movie | Full Documentary
DeepMind
6.4M views
7 months ago",https://www.youtube.com/watch?v=WXuK6gekU1Y,screenshot31.png
"AlphaGo - The Movie | Full Documentary
DeepMind
6.4M views
7 months ago",https://www.youtube.com/watch?v=WXuK6gekU1Y,screenshot32.png
"In the Age of AI (full film) | FRONTLINE
FRONTLINE PBS | Official
4M views
10 months ago",https://www.youtube.com/watch?v=5dZ_lvDgevk,screenshot33.png
"AlphaGo - The Movie | Full Documentary
DeepMind
6.4M views
7 months ago",https://www.youtube.com/watch?v=WXuK6gekU1Y,screenshot34.png
"In the Age of AI (full film) | FRONTLINE
FRONTLINE PBS | Official
4M views
10 months ago",https://www.youtube.com/watch?v=5dZ_lvDgevk,screenshot35.png
"AlphaGo - The Movie | Full Documentary
DeepMind
6.4M views
7 months ago",https://www.youtube.com/watch?v=WXuK6gekU1Y,screenshot36.png
"AlphaGo - The Movie | Full Documentary
DeepMind
6.4M views
7 months ago",https://www.youtube.com/watch?v=WXuK6gekU1Y,screenshot37.png
"In the Age of AI (full film) | FRONTLINE
FRONTLINE PBS | Official
4M views
10 months ago",https://www.youtube.com/watch?v=5dZ_lvDgevk,screenshot38.png
"AlphaGo - The Movie | Full Documentary
DeepMind
6.4M views
7 months ago",https://www.youtube.com/watch?v=WXuK6gekU1Y,screenshot39.png
"In the Age of AI (full film) | FRONTLINE
FRONTLINE PBS | Official
4M views
10 months ago",https://www.youtube.com/watch?v=5dZ_lvDgevk,screenshot40.png
"In the Age of AI (full film) | FRONTLINE
FRONTLINE PBS | Official
4M views
10 months ago",https://www.youtube.com/watch?v=5dZ_lvDgevk,screenshot41.png
"In the Age of AI (full film) | FRONTLINE
FRONTLINE PBS | Official
4M views
10 months ago",https://www.youtube.com/watch?v=5dZ_lvDgevk,screenshot42.png
"AlphaGo - The Movie | Full Documentary
DeepMind
6.4M views
7 months ago",https://www.youtube.com/watch?v=WXuK6gekU1Y,screenshot43.png
"AlphaGo - The Movie | Full Documentary
DeepMind
6.4M views
7 months ago",https://www.youtube.com/watch?v=WXuK6gekU1Y,screenshot44.png
"In the Age of AI (full film) | FRONTLINE
FRONTLINE PBS | Official
4M views
10 months ago",https://www.youtube.com/watch?v=5dZ_lvDgevk,screenshot45.png
"AlphaGo - The Movie | Full Documentary
DeepMind
6.4M views
7 months ago",https://www.youtube.com/watch?v=WXuK6gekU1Y,screenshot46.png
"In the Age of AI (full film) | FRONTLINE
FRONTLINE PBS | Official
4M views
10 months ago",https://www.youtube.com/watch?v=5dZ_lvDgevk,screenshot47.png
"AlphaGo - The Movie | Full Documentary
DeepMind
6.4M views
7 months ago",https://www.youtube.com/watch?v=WXuK6gekU1Y,screenshot48.png
"In the Age of AI (full film) | FRONTLINE
FRONTLINE PBS | Official
4M views
10 months ago",https://www.youtube.com/watch?v=5dZ_lvDgevk,screenshot49.png
"In the Age of AI (full film) | FRONTLINE
FRONTLINE PBS | Official
4M views
10 months ago",https://www.youtube.com/watch?v=5dZ_lvDgevk,screenshot50.png
"In the Age of AI (full film) | FRONTLINE
FRONTLINE PBS | Official
4M views
10 months ago",https://www.youtube.com/watch?v=5dZ_lvDgevk,screenshot51.png
"In the Age of AI (full film) | FRONTLINE
FRONTLINE PBS | Official
4M views
10 months ago",https://www.youtube.com/watch?v=5dZ_lvDgevk,screenshot52.png
"In the Age of AI (full film) | FRONTLINE
FRONTLINE PBS | Official
4M views
10 months ago",https://www.youtube.com/watch?v=5dZ_lvDgevk,screenshot53.png
"In the Age of AI (full film) | FRONTLINE
FRONTLINE PBS | Official
4M views
10 months ago",https://www.youtube.com/watch?v=5dZ_lvDgevk,screenshot54.png
"In the Age of AI (full film) | FRONTLINE
FRONTLINE PBS | Official
4M views
10 months ago",https://www.youtube.com/watch?v=5dZ_lvDgevk,screenshot55.png
"In the Age of AI (full film) | FRONTLINE
FRONTLINE PBS | Official
4M views
10 months ago",https://www.youtube.com/watch?v=5dZ_lvDgevk,screenshot56.png
"In the Age of AI (full film) | FRONTLINE
FRONTLINE PBS | Official
4M views
10 months ago",https://www.youtube.com/watch?v=5dZ_lvDgevk,screenshot57.png
"In the Age of AI (full film) | FRONTLINE
FRONTLINE PBS | Official
4M views
10 months ago",https://www.youtube.com/watch?v=5dZ_lvDgevk,screenshot58.png
"In the Age of AI (full film) | FRONTLINE
FRONTLINE PBS | Official
4M views
10 months ago",https://www.youtube.com/watch?v=5dZ_lvDgevk,screenshot59.png
"AlphaGo - The Movie | Full Documentary
DeepMind
6.4M views
7 months ago",https://www.youtube.com/watch?v=WXuK6gekU1Y,screenshot60.png
"AlphaGo - The Movie | Full Documentary
DeepMind
6.4M views
7 months ago",https://www.youtube.com/watch?v=WXuK6gekU1Y,screenshot61.png
"AlphaGo - The Movie | Full Documentary
DeepMind
6.4M views
7 months ago",https://www.youtube.com/watch?v=WXuK6gekU1Y,screenshot62.png
"AlphaGo - The Movie | Full Documentary
DeepMind
6.4M views
7 months ago",https://www.youtube.com/watch?v=WXuK6gekU1Y,screenshot63.png
"In the Age of AI (full film) | FRONTLINE
FRONTLINE PBS | Official
4M views
10 months ago",https://www.youtube.com/watch?v=5dZ_lvDgevk,screenshot64.png
"AlphaGo - The Movie | Full Documentary
DeepMind
6.4M views
7 months ago",https://www.youtube.com/watch?v=WXuK6gekU1Y,screenshot65.png
"In the Age of AI (full film) | FRONTLINE
FRONTLINE PBS | Official
4M views
10 months ago",https://www.youtube.com/watch?v=5dZ_lvDgevk,screenshot66.png
"In the Age of AI (full film) | FRONTLINE
FRONTLINE PBS | Official
4M views
10 months ago",https://www.youtube.com/watch?v=5dZ_lvDgevk,screenshot67.png
"In the Age of AI (full film) | FRONTLINE
FRONTLINE PBS | Official
4M views
10 months ago",https://www.youtube.com/watch?v=5dZ_lvDgevk,screenshot68.png
"In the Age of AI (full film) | FRONTLINE
FRONTLINE PBS | Official
4M views
10 months ago",https://www.youtube.com/watch?v=5dZ_lvDgevk,screenshot69.png
"AlphaGo - The Movie | Full Documentary
DeepMind
6.4M views
7 months ago",https://www.youtube.com/watch?v=WXuK6gekU1Y,screenshot70.png
"AlphaGo - The Movie | Full Documentary
DeepMind
6.4M views
7 months ago",https://www.youtube.com/watch?v=WXuK6gekU1Y,screenshot71.png
"In the Age of AI (full film) | FRONTLINE
FRONTLINE PBS | Official
4M views
10 months ago",https://www.youtube.com/watch?v=5dZ_lvDgevk,screenshot72.png
"In the Age of AI (full film) | FRONTLINE
FRONTLINE PBS | Official
4M views
10 months ago",https://www.youtube.com/watch?v=5dZ_lvDgevk,screenshot73.png
"AlphaGo - The Movie | Full Documentary
DeepMind
6.4M views
7 months ago",https://www.youtube.com/watch?v=WXuK6gekU1Y,screenshot74.png
"AlphaGo - The Movie | Full Documentary
DeepMind
6.4M views
7 months ago",https://www.youtube.com/watch?v=WXuK6gekU1Y,screenshot75.png
"In the Age of AI (full film) | FRONTLINE
FRONTLINE PBS | Official
4M views
10 months ago",https://www.youtube.com/watch?v=5dZ_lvDgevk,screenshot76.png
"In the Age of AI (full film) | FRONTLINE
FRONTLINE PBS | Official
4M views
10 months ago",https://www.youtube.com/watch?v=5dZ_lvDgevk,screenshot77.png
"In the Age of AI (full film) | FRONTLINE
FRONTLINE PBS | Official
4M views
10 months ago",https://www.youtube.com/watch?v=5dZ_lvDgevk,screenshot78.png
"AlphaGo - The Movie | Full Documentary
DeepMind
6.4M views
7 months ago",https://www.youtube.com/watch?v=WXuK6gekU1Y,screenshot79.png
"In the Age of AI (full film) | FRONTLINE
FRONTLINE PBS | Official
4M views
10 months ago",https://www.youtube.com/watch?v=5dZ_lvDgevk,screenshot80.png
"In the Age of AI (full film) | FRONTLINE
FRONTLINE PBS | Official
4M views
10 months ago",https://www.youtube.com/watch?v=5dZ_lvDgevk,screenshot81.png
"AlphaGo - The Movie | Full Documentary
DeepMind
6.4M views
7 months ago",https://www.youtube.com/watch?v=WXuK6gekU1Y,screenshot82.png
"AlphaGo - The Movie | Full Documentary
DeepMind
6.4M views
7 months ago",https://www.youtube.com/watch?v=WXuK6gekU1Y,screenshot83.png
"AlphaGo - The Movie | Full Documentary
DeepMind
6.4M views
7 months ago",https://www.youtube.com/watch?v=WXuK6gekU1Y,screenshot84.png
"AlphaGo - The Movie | Full Documentary
DeepMind
6.4M views
7 months ago",https://www.youtube.com/watch?v=WXuK6gekU1Y,screenshot85.png
"AlphaGo - The Movie | Full Documentary
DeepMind
6.4M views
7 months ago",https://www.youtube.com/watch?v=WXuK6gekU1Y,screenshot86.png
"AlphaGo - The Movie | Full Documentary
DeepMind
6.4M views
7 months ago",https://www.youtube.com/watch?v=WXuK6gekU1Y,screenshot87.png
"AlphaGo - The Movie | Full Documentary
DeepMind
6.4M views
7 months ago",https://www.youtube.com/watch?v=WXuK6gekU1Y,screenshot88.png
"AlphaGo - The Movie | Full Documentary
DeepMind
6.4M views
7 months ago",https://www.youtube.com/watch?v=WXuK6gekU1Y,screenshot89.png
"In the Age of AI (full film) | FRONTLINE
FRONTLINE PBS | Official
4M views
10 months ago",https://www.youtube.com/watch?v=5dZ_lvDgevk,screenshot90.png
"AlphaGo - The Movie | Full Documentary
DeepMind
6.4M views
7 months ago",https://www.youtube.com/watch?v=WXuK6gekU1Y,screenshot91.png
"AlphaGo - The Movie | Full Documentary
DeepMind
6.4M views
7 months ago",https://www.youtube.com/watch?v=WXuK6gekU1Y,screenshot92.png
"AlphaGo - The Movie | Full Documentary
DeepMind
6.4M views
7 months ago",https://www.youtube.com/watch?v=WXuK6gekU1Y,screenshot93.png
"In the Age of AI (full film) | FRONTLINE
FRONTLINE PBS | Official
4M views
10 months ago",https://www.youtube.com/watch?v=5dZ_lvDgevk,screenshot94.png
"In the Age of AI (full film) | FRONTLINE
FRONTLINE PBS | Official
4M views
10 months ago",https://www.youtube.com/watch?v=5dZ_lvDgevk,screenshot95.png
"In the Age of AI (full film) | FRONTLINE
FRONTLINE PBS | Official
4M views
10 months ago",https://www.youtube.com/watch?v=5dZ_lvDgevk,screenshot96.png
"In the Age of AI (full film) | FRONTLINE
FRONTLINE PBS | Official
4M views
10 months ago",https://www.youtube.com/watch?v=5dZ_lvDgevk,screenshot97.png
"In the Age of AI (full film) | FRONTLINE
FRONTLINE PBS | Official
4M views
10 months ago",https://www.youtube.com/watch?v=5dZ_lvDgevk,screenshot98.png
"In the Age of AI (full film) | FRONTLINE
FRONTLINE PBS | Official
4M views
10 months ago",https://www.youtube.com/watch?v=5dZ_lvDgevk,screenshot99.png
"In the Age of AI (full film) | FRONTLINE
FRONTLINE PBS | Official
4M views
10 months ago",https://www.youtube.com/watch?v=5dZ_lvDgevk,screenshot100.png
"In the Age of AI (full film) | FRONTLINE
FRONTLINE PBS | Official
4M views
10 months ago",https://www.youtube.com/watch?v=5dZ_lvDgevk,screenshot101.png
"In the Age of AI (full film) | FRONTLINE
FRONTLINE PBS | Official
4M views
10 months ago",https://www.youtube.com/watch?v=5dZ_lvDgevk,screenshot102.png
"AlphaGo - The Movie | Full Documentary
DeepMind
6.4M views
7 months ago",https://www.youtube.com/watch?v=WXuK6gekU1Y,screenshot103.png
"AlphaGo - The Movie | Full Documentary
DeepMind
6.4M views
7 months ago",https://www.youtube.com/watch?v=WXuK6gekU1Y,screenshot104.png
"AlphaGo - The Movie | Full Documentary
DeepMind
6.4M views
7 months ago",https://www.youtube.com/watch?v=WXuK6gekU1Y,screenshot105.png
"AlphaGo - The Movie | Full Documentary
DeepMind
6.4M views
7 months ago",https://www.youtube.com/watch?v=WXuK6gekU1Y,screenshot106.png
"AlphaGo - The Movie | Full Documentary
DeepMind
6.4M views
7 months ago",https://www.youtube.com/watch?v=WXuK6gekU1Y,screenshot107.png
"In the Age of AI (full film) | FRONTLINE
FRONTLINE PBS | Official
4M views
10 months ago",https://www.youtube.com/watch?v=5dZ_lvDgevk,screenshot108.png
"In the Age of AI (full film) | FRONTLINE
FRONTLINE PBS | Official
4M views
10 months ago",https://www.youtube.com/watch?v=5dZ_lvDgevk,screenshot109.png
"In the Age of AI (full film) | FRONTLINE
FRONTLINE PBS | Official
4M views
10 months ago",https://www.youtube.com/watch?v=5dZ_lvDgevk,screenshot110.png
"In the Age of AI (full film) | FRONTLINE
FRONTLINE PBS | Official
4M views
10 months ago",https://www.youtube.com/watch?v=5dZ_lvDgevk,screenshot111.png
"In the Age of AI (full film) | FRONTLINE
FRONTLINE PBS | Official
4M views
10 months ago",https://www.youtube.com/watch?v=5dZ_lvDgevk,screenshot112.png
"In the Age of AI (full film) | FRONTLINE
FRONTLINE PBS | Official
4M views
10 months ago",https://www.youtube.com/watch?v=5dZ_lvDgevk,screenshot113.png
"In the Age of AI (full film) | FRONTLINE
FRONTLINE PBS | Official
4M views
10 months ago",https://www.youtube.com/watch?v=5dZ_lvDgevk,screenshot114.png
"In the Age of AI (full film) | FRONTLINE
FRONTLINE PBS | Official
4M views
10 months ago",https://www.youtube.com/watch?v=5dZ_lvDgevk,screenshot115.png
"In the Age of AI (full film) | FRONTLINE
FRONTLINE PBS | Official
4M views
10 months ago",https://www.youtube.com/watch?v=5dZ_lvDgevk,screenshot116.png
"In the Age of AI (full film) | FRONTLINE
FRONTLINE PBS | Official
4M views
10 months ago",https://www.youtube.com/watch?v=5dZ_lvDgevk,screenshot117.png
"In the Age of AI (full film) | FRONTLINE
FRONTLINE PBS | Official
4M views
10 months ago",https://www.youtube.com/watch?v=5dZ_lvDgevk,screenshot118.png
"In the Age of AI (full film) | FRONTLINE
FRONTLINE PBS | Official
4M views
10 months ago",https://www.youtube.com/watch?v=5dZ_lvDgevk,screenshot119.png
"In the Age of AI (full film) | FRONTLINE
FRONTLINE PBS | Official
4M views
10 months ago",https://www.youtube.com/watch?v=5dZ_lvDgevk,screenshot120.png
"In the Age of AI (full film) | FRONTLINE
FRONTLINE PBS | Official
4M views
10 months ago",https://www.youtube.com/watch?v=5dZ_lvDgevk,screenshot121.png
"In the Age of AI (full film) | FRONTLINE
FRONTLINE PBS | Official
4M views
10 months ago",https://www.youtube.com/watch?v=5dZ_lvDgevk,screenshot122.png
"In the Age of AI (full film) | FRONTLINE
FRONTLINE PBS | Official
4M views
10 months ago",https://www.youtube.com/watch?v=5dZ_lvDgevk,screenshot123.png
"In the Age of AI (full film) | FRONTLINE
FRONTLINE PBS | Official
4M views
10 months ago",https://www.youtube.com/watch?v=5dZ_lvDgevk,screenshot124.png
"In the Age of AI (full film) | FRONTLINE
FRONTLINE PBS | Official
4M views
10 months ago",https://www.youtube.com/watch?v=5dZ_lvDgevk,screenshot125.png
"In the Age of AI (full film) | FRONTLINE
FRONTLINE PBS | Official
4M views
10 months ago",https://www.youtube.com/watch?v=5dZ_lvDgevk,screenshot126.png
"In the Age of AI (full film) | FRONTLINE
FRONTLINE PBS | Official
4M views
10 months ago",https://www.youtube.com/watch?v=5dZ_lvDgevk,screenshot127.png
"In the Age of AI (full film) | FRONTLINE
FRONTLINE PBS | Official
4M views
10 months ago",https://www.youtube.com/watch?v=5dZ_lvDgevk,screenshot128.png
"In the Age of AI (full film) | FRONTLINE
FRONTLINE PBS | Official
4M views
10 months ago",https://www.youtube.com/watch?v=5dZ_lvDgevk,screenshot129.png
"AlphaGo - The Movie | Full Documentary
DeepMind
6.4M views
7 months ago",https://www.youtube.com/watch?v=WXuK6gekU1Y,screenshot130.png
"In the Age of AI (full film) | FRONTLINE
FRONTLINE PBS | Official
4M views
10 months ago",https://www.youtube.com/watch?v=5dZ_lvDgevk,screenshot131.png
"AlphaGo - The Movie | Full Documentary
DeepMind
6.4M views
7 months ago",https://www.youtube.com/watch?v=WXuK6gekU1Y,screenshot132.png
"AlphaGo - The Movie | Full Documentary
DeepMind
6.4M views
7 months ago",https://www.youtube.com/watch?v=WXuK6gekU1Y,screenshot133.png
"AlphaGo - The Movie | Full Documentary
DeepMind
6.4M views
7 months ago",https://www.youtube.com/watch?v=WXuK6gekU1Y,screenshot134.png
"AlphaGo - The Movie | Full Documentary
DeepMind
6.4M views
7 months ago",https://www.youtube.com/watch?v=WXuK6gekU1Y,screenshot135.png
"In the Age of AI (full film) | FRONTLINE
FRONTLINE PBS | Official
4M views
10 months ago",https://www.youtube.com/watch?v=5dZ_lvDgevk,screenshot136.png
"In the Age of AI (full film) | FRONTLINE
FRONTLINE PBS | Official
4M views
10 months ago",https://www.youtube.com/watch?v=5dZ_lvDgevk,screenshot137.png
"In the Age of AI (full film) | FRONTLINE
FRONTLINE PBS | Official
4M views
10 months ago",https://www.youtube.com/watch?v=5dZ_lvDgevk,screenshot138.png
"In the Age of AI (full film) | FRONTLINE
FRONTLINE PBS | Official
4M views
10 months ago",https://www.youtube.com/watch?v=5dZ_lvDgevk,screenshot139.png
"In the Age of AI (full film) | FRONTLINE
FRONTLINE PBS | Official
4M views
10 months ago",https://www.youtube.com/watch?v=5dZ_lvDgevk,screenshot140.png
"In the Age of AI (full film) | FRONTLINE
FRONTLINE PBS | Official
4M views
10 months ago",https://www.youtube.com/watch?v=5dZ_lvDgevk,screenshot141.png
"In the Age of AI (full film) | FRONTLINE
FRONTLINE PBS | Official
4M views
10 months ago",https://www.youtube.com/watch?v=5dZ_lvDgevk,screenshot142.png
"In the Age of AI (full film) | FRONTLINE
FRONTLINE PBS | Official
4M views
10 months ago",https://www.youtube.com/watch?v=5dZ_lvDgevk,screenshot143.png
"In the Age of AI (full film) | FRONTLINE
FRONTLINE PBS | Official
4M views
10 months ago",https://www.youtube.com/watch?v=5dZ_lvDgevk,screenshot144.png
"In the Age of AI (full film) | FRONTLINE
FRONTLINE PBS | Official
4M views
10 months ago",https://www.youtube.com/watch?v=5dZ_lvDgevk,screenshot145.png
"AlphaGo - The Movie | Full Documentary
DeepMind
6.4M views
7 months ago",https://www.youtube.com/watch?v=WXuK6gekU1Y,screenshot146.png
"AlphaGo - The Movie | Full Documentary
DeepMind
6.4M views
7 months ago",https://www.youtube.com/watch?v=WXuK6gekU1Y,screenshot147.png
"In the Age of AI (full film) | FRONTLINE
FRONTLINE PBS | Official
4M views
10 months ago",https://www.youtube.com/watch?v=5dZ_lvDgevk,screenshot148.png
"In the Age of AI (full film) | FRONTLINE
FRONTLINE PBS | Official
4M views
10 months ago",https://www.youtube.com/watch?v=5dZ_lvDgevk,screenshot149.png
"AlphaGo - The Movie | Full Documentary
DeepMind
6.4M views
7 months ago",https://www.youtube.com/watch?v=WXuK6gekU1Y,screenshot150.png
"AlphaGo - The Movie | Full Documentary
DeepMind
6.4M views
7 months ago",https://www.youtube.com/watch?v=WXuK6gekU1Y,screenshot151.png
"AlphaGo - The Movie | Full Documentary
DeepMind
6.4M views
7 months ago",https://www.youtube.com/watch?v=WXuK6gekU1Y,screenshot152.png
"AlphaGo - The Movie | Full Documentary
DeepMind
6.4M views
7 months ago",https://www.youtube.com/watch?v=WXuK6gekU1Y,screenshot153.png
"AlphaGo - The Movie | Full Documentary
DeepMind
6.4M views
7 months ago",https://www.youtube.com/watch?v=WXuK6gekU1Y,screenshot154.png
"AlphaGo - The Movie | Full Documentary
DeepMind
6.4M views
7 months ago",https://www.youtube.com/watch?v=WXuK6gekU1Y,screenshot155.png
"AlphaGo - The Movie | Full Documentary
DeepMind
6.4M views
7 months ago",https://www.youtube.com/watch?v=WXuK6gekU1Y,screenshot156.png
"AlphaGo - The Movie | Full Documentary
DeepMind
6.4M views
7 months ago",https://www.youtube.com/watch?v=WXuK6gekU1Y,screenshot157.png
"AlphaGo - The Movie | Full Documentary
DeepMind
6.4M views
7 months ago",https://www.youtube.com/watch?v=WXuK6gekU1Y,screenshot158.png
"AlphaGo - The Movie | Full Documentary
DeepMind
6.4M views
7 months ago",https://www.youtube.com/watch?v=WXuK6gekU1Y,screenshot159.png
"AlphaGo - The Movie | Full Documentary
DeepMind
6.4M views
7 months ago",https://www.youtube.com/watch?v=WXuK6gekU1Y,screenshot160.png
"AlphaGo - The Movie | Full Documentary
DeepMind
6.4M views
7 months ago",https://www.youtube.com/watch?v=WXuK6gekU1Y,screenshot161.png
"AlphaGo - The Movie | Full Documentary
DeepMind
6.4M views
7 months ago",https://www.youtube.com/watch?v=WXuK6gekU1Y,screenshot162.png
"AlphaGo - The Movie | Full Documentary
DeepMind
6.4M views
7 months ago",https://www.youtube.com/watch?v=WXuK6gekU1Y,screenshot163.png
"AlphaGo - The Movie | Full Documentary
DeepMind
6.4M views
7 months ago",https://www.youtube.com/watch?v=WXuK6gekU1Y,screenshot164.png
"AlphaGo - The Movie | Full Documentary
DeepMind
6.4M views
7 months ago",https://www.youtube.com/watch?v=WXuK6gekU1Y,screenshot165.png
"AlphaGo - The Movie | Full Documentary
DeepMind
6.4M views
7 months ago",https://www.youtube.com/watch?v=WXuK6gekU1Y,screenshot166.png
"AlphaGo - The Movie | Full Documentary
DeepMind
6.4M views
7 months ago",https://www.youtube.com/watch?v=WXuK6gekU1Y,screenshot167.png
"AlphaGo - The Movie | Full Documentary
DeepMind
6.4M views
7 months ago",https://www.youtube.com/watch?v=WXuK6gekU1Y,screenshot168.png
